Ego,Alpha-2code,Alpha-3code,Numericcode,Latitude(average),Longitude(average),RTA,area,landlocked,continent,langoff_1
Afghanistan,AF,AFG,4,33.0,65.0,2,652225,1,Asia,Persian
Albania,AL,ALB,8,41.0,20.0,5,28748,0,Europe,Albanian
Algeria,DZ,DZA,12,28.0,3.0,2,2381741,0,Africa,Arabic
Angola,AO,AGO,24,-12.5,18.5,2,1246700,0,Africa,Portuguese
AntiguaandBarbuda,AG,ATG,28,17.05,-61.8,3,442,0,America,English
Argentina,AR,ARG,32,-34.0,-64.0,8,2766889,0,America,Spanish
Armenia,AM,ARM,51,40.0,45.0,12,29800,1,Asia,Armenian
Australia,AU,AUS,36,-27.0,133.0,19,7686848,0,Pacific,English
Austria,AT,AUT,40,47.3333,13.3333,46,83858,1,Europe,German
Azerbaijan,AZ,AZE,31,40.5,47.5,5,86600,1,Asia,Azeri
Bahamas,BS,BHS,44,24.25,-76.0,3,13939,0,America,English
Bahrain,BH,BHR,48,26.0,50.55,5,678,0,Asia,Arabic
Bangladesh,BD,BGD,50,24.0,90.0,5,143998,0,Asia,Bengali
Belarus,BY,BLR,112,53.0,28.0,8,207595,0,Europe,Belarussian
Belgium,BE,BEL,56,50.8333,4.0,46,33114,0,Europe,Dutch
Benin,BJ,BEN,204,9.5,2.25,3,112622,0,Africa,French
Bhutan,BT,BTN,64,27.5,90.5,3,46620,1,Asia,Burmese
BoliviaPlurinationalStateof,BO,BOL,68,-17.0,-65.0,4,1098581,1,America,Spanish
BosniaandHerzegovina,BA,BIH,70,44.0,18.0,4,51233,0,Europe,Serbo-Croatian
Botswana,BW,BWA,72,-22.0,24.0,6,600372,1,Africa,English
Brazil,BR,BRA,76,-10.0,-55.0,9,8511920,0,America,Portuguese
BruneiDarussalam,BN,BRN,96,4.5,114.6667,10,5765,0,Asia,Malay
Bulgaria,BG,BGR,100,43.0,25.0,46,110994,0,Europe,Bulgarian
BurkinaFaso,BF,BFA,854,13.0,-2.0,2,274200,1,Africa,French
Burundi,BI,BDI,108,-3.5,30.0,2,27834,1,Africa,French
Cambodia,KH,KHM,116,13.0,105.0,8,181035,0,Asia,Khmer
Cameroon,CM,CMR,120,6.0,12.0,4,475442,0,Africa,French
Canada,CA,CAN,124,60.0,-95.0,15,9976139,0,America,English
CentralAfricanRepublic,CF,CAF,140,7.0,21.0,1,622984,1,Africa,French
Chad,TD,TCD,148,15.0,19.0,1,1284005,1,Africa,French
Chile,CL,CHL,152,-30.0,-71.0,31,756945,0,America,Spanish
China,CN,CHN,156,35.0,105.0,16,9572378,0,Asia,Chinese
Colombia,CO,COL,170,4.0,-72.0,15,1141748,0,America,Spanish
Comoros,KM,COM,174,-12.1667,44.25,3,1862,0,Africa,Arabic
Congo,CG,COG,178,-1.0,15.0,1,342000,0,Africa,French
CostaRica,CR,CRI,188,10.0,-84.0,15,51076,0,America,Spanish
CÃ´ted'Ivoire,CI,CIV,384,8.0,-5.0,4,322463,0,Africa,French
Croatia,HR,HRV,191,45.1667,15.5,46,56538,0,Europe,Serbo-Croatian
Cyprus,CY,CYP,196,35.0,33.0,46,9251,0,Europe,Greek
CzechRepublic,CZ,CZE,203,49.75,15.5,46,78864,1,Europe,Czech
Denmark,DK,DNK,208,56.0,10.0,46,43094,0,Europe,Danish
Dominica,DM,DMA,212,15.4167,-61.3333,3,751,0,America,English
DominicanRepublic,DO,DOM,214,19.0,-70.6667,5,48734,0,America,Spanish
Ecuador,EC,ECU,218,-2.0,-77.5,8,275716,0,America,Spanish
Egypt,EG,EGY,818,27.0,30.0,10,1001449,0,Africa,Arabic
ElSalvador,SV,SLV,222,13.8333,-88.9167,12,21041,0,America,Spanish
EquatorialGuinea,GQ,GNQ,226,2.0,10.0,1,28051,0,Africa,Spanish
Estonia,EE,EST,233,59.0,26.0,46,45227,0,Europe,Estonian
Ethiopia,ET,ETH,231,8.0,38.0,1,1127127,1,Africa,Amharic
Fiji,FJ,FJI,242,-18.0,175.0,5,18333,0,Pacific,English
Finland,FI,FIN,246,64.0,26.0,46,336593,0,Europe,Swedish
France,FR,FRA,250,46.0,2.0,46,547026,0,Europe,French
Gabon,GA,GAB,266,-1.0,11.75,1,267667,0,Africa,French
Gambia,GM,GMB,270,13.4667,-16.5667,1,11295,0,Africa,English
Georgia,GE,GEO,268,42.0,43.5,14,69700,0,Asia,Georgian
Germany,DE,DEU,276,51.0,9.0,46,357325,0,Europe,German
Ghana,GH,GHA,288,8.0,-2.0,4,238538,0,Africa,English
Greece,GR,GRC,300,39.0,22.0,46,131621,0,Europe,Greek
Grenada,GD,GRD,308,12.1167,-61.6667,3,345,0,America,English
Guatemala,GT,GTM,320,15.5,-90.25,10,108889,0,America,Spanish
Guinea,GN,GIN,324,11.0,-10.0,2,245857,0,Africa,French
Guinea-Bissau,GW,GNB,624,12.0,-15.0,1,36125,0,Africa,Portuguese
Guyana,GY,GUY,328,5.0,-59.0,4,214970,0,America,English
Haiti,HT,HTI,332,19.0,-72.4167,3,27750,0,America,French
Honduras,HN,HND,340,15.0,-86.5,13,112088,0,America,Spanish
Hungary,HU,HUN,348,47.0,20.0,46,93032,1,Europe,Hungarian
Iceland,IS,ISL,352,65.0,-18.0,35,102819,0,Europe,Icelandic
India,IN,IND,356,20.0,77.0,19,3287590,0,Asia,English
Indonesia,ID,IDN,360,-5.0,120.0,15,1933658,0,Asia,Indonesian
IranIslamicRepublicof,IR,IRN,364,32.0,53.0,3,1648100,0,Asia,Persian
Iraq,IQ,IRQ,368,33.0,44.0,2,437072,0,Asia,Arabic
Ireland,IE,IRL,372,53.0,-8.0,46,70285,0,Europe,English
Israel,IL,ISR,376,31.5,34.75,11,21621,0,Asia,Hebrew
Italy,IT,ITA,380,42.8333,12.8333,46,301323,0,Europe,Italian
Jamaica,JM,JAM,388,18.25,-77.5,3,10991,0,America,English
Japan,JP,JPN,392,36.0,138.0,18,377801,0,Asia,Japanese
Jordan,JO,JOR,400,31.0,36.0,8,91862,0,Asia,Arabic
Kazakhstan,KZ,KAZ,398,48.0,68.0,11,2717300,1,Asia,Kazakh
Kenya,KE,KEN,404,1.0,38.0,3,582646,0,Africa,English
Kiribati,KI,KIR,296,1.4167,173.0,3,717,0,Pacific,English
KoreaRepublicof,KR,KOR,410,37.0,127.5,22,99484,0,Asia,Korean
Kuwait,KW,KWT,414,29.3375,47.6581,4,17818,0,Asia,Arabic
Kyrgyzstan,KG,KGZ,417,41.0,75.0,10,198500,1,Asia,Kyrgyz
LaoPeople'sDemocraticRepublic,LA,LAO,418,18.0,105.0,9,236800,1,Asia,Lao
Latvia,LV,LVA,428,57.0,25.0,46,64589,0,Europe,Latvian
Lebanon,LB,LBN,422,33.8333,35.8333,4,10452,0,Asia,Arabic
Lesotho,LS,LSO,426,-29.5,28.5,7,30355,1,Africa,English
Liberia,LR,LBR,430,6.5,-9.5,1,111369,0,Africa,English
LibyanArabJamahiriya,LY,LBY,434,25.0,17.0,2,1759540,0,Africa,Arabic
Lithuania,LT,LTU,440,56.0,24.0,46,65300,0,Europe,Lithuanian
Luxembourg,LU,LUX,442,49.75,6.1667,46,2586,1,Europe,French
MacedoniatheformerYugoslavRepublicof,MK,MKD,807,41.8333,22.0,2,25713,1,Europe,Macedonian
Madagascar,MG,MDG,450,-20.0,47.0,2,587041,0,Africa,French
Malawi,MW,MWI,454,-13.5,34.0,2,118484,1,Africa,English
Malaysia,MY,MYS,458,2.5,112.5,16,329758,0,Asia,Malay
Maldives,MV,MDV,462,3.25,73.0,2,298,0,Asia,Maldivian
Mali,ML,MLI,466,17.0,-4.0,2,1240142,1,Africa,French
Malta,MT,MLT,470,35.8333,14.5833,46,316,0,Europe,English
Mauritania,MR,MRT,478,20.0,-12.0,0,1030700,0,Africa,Arabic
Mauritius,MU,MUS,480,-20.2833,57.55,8,2045,0,Africa,English
Mexico,MX,MEX,484,23.0,-102.0,23,1967210,0,America,Spanish
MoldovaRepublicof,MD,MDA,498,47.0,29.0,9,33700,0,Europe,Romanian
Mongolia,MN,MNG,496,46.0,105.0,1,1565500,1,Asia,Mongolian
Morocco,MA,MAR,504,32.0,-5.0,9,710850,0,Africa,Arabic
Mozambique,MZ,MOZ,508,-18.25,35.0,5,801590,0,Africa,Portuguese
Myanmar,MM,MMR,104,22.0,98.0,8,678500,0,Asia,Burmese
Namibia,,NAM,516,-22.0,17.0,7,825518,0,Africa,English
Nepal,NP,NPL,524,28.0,84.0,3,147181,1,Asia,Nepali
Netherlands,NL,NLD,528,52.5,5.75,46,41863,0,Europe,Dutch
NewZealand,NZ,NZL,554,-41.0,174.0,14,268676,0,Pacific,English
Nicaragua,NI,NIC,558,13.0,-85.0,10,130670,0,America,Spanish
Niger,NE,NER,562,16.0,8.0,2,1267000,1,Africa,French
Nigeria,NG,NGA,566,10.0,8.0,2,923768,0,Africa,English
Norway,NO,NOR,578,62.0,10.0,34,323752,0,Europe,Norwegian
Oman,OM,OMN,512,21.0,57.0,5,212379,0,Asia,Arabic
Pakistan,PK,PAK,586,30.0,70.0,10,882872,0,Asia,Urdu
Palau,PW,PLW,585,7.5,134.5,0,487,0,Pacific,English
Panama,PA,PAN,591,9.0,-80.0,18,75648,0,America,Spanish
PapuaNewGuinea,PG,PNG,598,-6.0,147.0,6,462840,0,Pacific,English
Paraguay,PY,PRY,600,-23.0,-58.0,8,406752,1,America,Spanish
Peru,PE,PER,604,-10.0,-76.0,21,1285216,0,America,Spanish
Philippines,PH,PHL,608,13.0,122.0,11,300000,0,Asia,English
Poland,PL,POL,616,52.0,20.0,46,312685,0,Europe,Polish
Portugal,PT,PRT,620,39.5,-8.0,46,92389,0,Europe,Portuguese
Qatar,QA,QAT,634,25.5,51.25,4,11437,0,Asia,Arabic
RussianFederation,RU,RUS,643,60.0,100.0,12,17075400,0,Asia,Russian
Rwanda,RW,RWA,646,-2.0,30.0,2,26338,1,Africa,French
SaintKittsandNevis,KN,KNA,659,17.3333,-62.75,3,269,0,America,English
SaintLucia,LC,LCA,662,13.8833,-61.1333,3,617,0,America,English
SaintVincentandtheGrenadines,VC,VCT,670,13.25,-61.2,3,389,0,America,English
Samoa,WS,WSM,882,-13.5833,-172.3333,5,2842,0,Pacific,Samoan
SaoTomeandPrincipe,ST,STP,678,1.0,7.0,0,964,0,Africa,Portuguese
SaudiArabia,SA,SAU,682,25.0,45.0,4,2153168,0,Asia,Arabic
Senegal,SN,SEN,686,14.0,-14.0,2,196722,0,Africa,French
Seychelles,SC,SYC,690,-4.5833,55.6667,4,455,0,Africa,English
SierraLeone,SL,SLE,694,8.5,-11.5,1,73326,0,Africa,English
Singapore,SG,SGP,702,1.3667,103.8,27,646,0,Asia,English
Slovakia,SK,SVK,703,48.6667,19.5,46,49036,1,Europe,Slovak
Slovenia,SI,SVN,705,46.0,15.0,46,20256,0,Europe,Slovenian
SouthAfrica,ZA,ZAF,710,-29.0,24.0,7,1219912,0,Africa,English
Spain,ES,ESP,724,40.0,-4.0,46,505954,0,Europe,Spanish
SriLanka,LK,LKA,144,7.0,81.0,6,65610,0,Asia,Sinhala
Suriname,SR,SUR,740,4.0,-56.0,3,163820,0,America,Dutch
Swaziland,SZ,SWZ,748,-26.5,31.5,3,17364,1,Africa,Swati
Sweden,SE,SWE,752,62.0,15.0,46,449964,0,Europe,Swedish
Switzerland,CH,CHE,756,47.0,8.0,35,41288,1,Europe,German
Tajikistan,TJ,TJK,762,39.0,71.0,2,143095,1,Asia,Tajik
TanzaniaUnitedRepublicof,TZ,TZA,834,-6.0,35.0,4,945090,0,Africa,English
Thailand,TH,THA,764,15.0,100.0,14,513115,0,Asia,Thai
Togo,TG,TGO,768,8.0,1.1667,2,56785,0,Africa,French
Tonga,TO,TON,776,-20.0,-175.0,3,748,0,Pacific,Tongan
TrinidadandTobago,TT,TTO,780,11.0,-61.0,4,5130,0,America,English
Tunisia,TN,TUN,788,34.0,9.0,8,164150,0,Africa,Arabic
Turkey,TR,TUR,792,39.0,35.0,25,780576,0,Europe,Turkish
Turkmenistan,TM,TKM,795,40.0,60.0,5,488100,1,Asia,Turkmen
Uganda,UG,UGA,800,1.0,32.0,2,241038,1,Africa,English
Ukraine,UA,UKR,804,49.0,32.0,19,603677,0,Europe,Ukrainian
UnitedArabEmirates,AE,ARE,784,24.0,54.0,6,83657,0,Asia,Arabic
UnitedKingdom,GB,GBR,826,54.0,-2.0,38,244110,0,Europe,English
UnitedStates,US,USA,840,38.0,-97.0,14,9529106,0,America,English
Uruguay,UY,URY,858,-33.0,-56.0,8,176215,0,America,Spanish
Uzbekistan,UZ,UZB,860,41.0,64.0,4,447400,1,Asia,Uzbek
VietNam,VN,VNM,704,16.0,106.0,15,331114,0,Asia,Vietnamese
Yemen,YE,YEM,887,15.0,48.0,1,547244,0,Asia,Arabic
Zambia,ZM,ZMB,894,-15.0,30.0,2,752614,1,Africa,English
Zimbabwe,ZW,ZWE,716,-20.0,30.0,6,390759,1,Africa,English
